Workbook
Name input: #REF!
Name n: Computations!$U$1
Name output: #REF!

Sheet Spline
A1: x | B1: Prob | F1: =IF(F2,"Valid CDF","NOT A VALID CDF -- See ErrorStatus for more information") -> Valid CDF
A2: 0.015 | B2: 0 | C2: =IF(INDIRECT("A"&ROW(E2))="","",1) -> 1 | D2: =IF(INDIRECT("B"&ROW(E2))="","",1) -> 1 | F2: =AND(ErrorStatus!B2:B6) -> TRUE
A3: =$A$2+$A2 -> 0.03 | B3: 0.05 | C3: =IF(INDIRECT("A"&ROW(E3))="","",1) -> 1 | D3: =IF(INDIRECT("B"&ROW(E3))="","",1) -> 1
A4: =$A$2+$A3 -> 0.045 | B4: 0.12 | C4: =IF(INDIRECT("A"&ROW(E4))="","",1) -> 1 | D4: =IF(INDIRECT("B"&ROW(E4))="","",1) -> 1
A5: =$A$2+$A4 -> 0.06 | B5: 0.15 | C5: =IF(INDIRECT("A"&ROW(E5))="","",1) -> 1 | D5: =IF(INDIRECT("B"&ROW(E5))="","",1) -> 1
A6: =$A$2+$A5 -> 0.075 | B6: 0.2 | C6: =IF(INDIRECT("A"&ROW(E6))="","",1) -> 1 | D6: =IF(INDIRECT("B"&ROW(E6))="","",1) -> 1
A7: =$A$2+$A6 -> 0.09 | B7: 0.3 | C7: =IF(INDIRECT("A"&ROW(E7))="","",1) -> 1 | D7: =IF(INDIRECT("B"&ROW(E7))="","",1) -> 1
A8: =$A$2+$A7 -> 0.105 | B8: 0.5 | C8: =IF(INDIRECT("A"&ROW(E8))="","",1) -> 1 | D8: =IF(INDIRECT("B"&ROW(E8))="","",1) -> 1
A9: =$A$2+$A8 -> 0.12 | B9: 0.55 | C9: =IF(INDIRECT("A"&ROW(E9))="","",1) -> 1 | D9: =IF(INDIRECT("B"&ROW(E9))="","",1) -> 1
A10: =$A$2+$A9 -> 0.135 | B10: 0.6 | C10: =IF(INDIRECT("A"&ROW(E10))="","",1) -> 1 | D10: =IF(INDIRECT("B"&ROW(E10))="","",1) -> 1
A11: =$A$2+$A10 -> 0.15 | B11: 0.7 | C11: =IF(INDIRECT("A"&ROW(E11))="","",1) -> 1 | D11: =IF(INDIRECT("B"&ROW(E11))="","",1) -> 1
A12: 0.18 | B12: 0.85 | C12: =IF(INDIRECT("A"&ROW(E12))="","",1) -> 1 | D12: =IF(INDIRECT("B"&ROW(E12))="","",1) -> 1
A13: 0.2 | B13: 1 | C13: =IF(INDIRECT("A"&ROW(E13))="","",1) -> 1 | D13: =IF(INDIRECT("B"&ROW(E13))="","",1) -> 1
C14: =IF(INDIRECT("A"&ROW(E14))="","",1) | D14: =IF(INDIRECT("B"&ROW(E14))="","",1)
C15: =IF(INDIRECT("A"&ROW(E15))="","",1) | D15: =IF(INDIRECT("B"&ROW(E15))="","",1)
C16: =IF(INDIRECT("A"&ROW(E16))="","",1) | D16: =IF(INDIRECT("B"&ROW(E16))="","",1)
C17: =IF(INDIRECT("A"&ROW(E17))="","",1) | D17: =IF(INDIRECT("B"&ROW(E17))="","",1)
C18: =IF(INDIRECT("A"&ROW(E18))="","",1) | D18: =IF(INDIRECT("B"&ROW(E18))="","",1)
C19: =IF(INDIRECT("A"&ROW(E19))="","",1) | D19: =IF(INDIRECT("B"&ROW(E19))="","",1)
C20: =IF(INDIRECT("A"&ROW(E20))="","",1) | D20: =IF(INDIRECT("B"&ROW(E20))="","",1)
C21: =IF(INDIRECT("A"&ROW(E21))="","",1) | D21: =IF(INDIRECT("B"&ROW(E21))="","",1)
C22: =IF(INDIRECT("A"&ROW(E22))="","",1) | D22: =IF(INDIRECT("B"&ROW(E22))="","",1)
C23: =IF(INDIRECT("A"&ROW(E23))="","",1) | D23: =IF(INDIRECT("B"&ROW(E23))="","",1)
C24: =IF(INDIRECT("A"&ROW(E24))="","",1) | D24: =IF(INDIRECT("B"&ROW(E24))="","",1)
C25: =IF(INDIRECT("A"&ROW(E25))="","",1) | D25: =IF(INDIRECT("B"&ROW(E25))="","",1)
... C100: =IF(INDIRECT("A"&ROW(E100))="","",1) | D100: =IF(INDIRECT("B"&ROW(E100))="","",1)

Sheet ErrorStatus
A1: Error status: | B1: =IF(AND(B2:B7),"OK","NOT A VALID CDF") -> OK
A2: Prob from 0 to 1: | B2: =AND(Computations!C2=0,INDIRECT("Computations!C"&Computations!$W$1)=1) -> TRUE
A3: Prob monotone: | B3: =IF(B6,AND(INDIRECT("Computations!E3:E"&Computations!$W$1)),TRUE) -> TRUE
A4: x monotone: | B4: =IF(B6,AND(INDIRECT("Computations!D3:D"&Computations!$X$1)),TRUE) -> TRUE
A5: #x = #Prob values: | B5: =Computations!$W$1=Computations!$X$1 -> TRUE
A6: 2 < #x <100: | B6: =AND(2<Computations!$V$1,Computations!$W$1<100) -> TRUE | C6: Need 3 data points to compute spline

Sheet PDF

Sheet InverseCDF
A1: Probability | B1: x-value | C1: spline index | D1: x start | E1: x end | F1: a | G1: b | H1: c | I1: d | J1: linear | K1: quad1 | L1: quad2 | M1: f | N1: g | O1: h | P1: i | Q1: j | R1: k | S1: l | T1: m | U1: n | V1: p | W1: x1 | X1: x2 | Y1: x3 | Z1: r | AA1: s | AB1: t | AC1: u | AD1: x1 | AE1: x root | AG1: Note: We solve for the root of the cubic spline using the method described in http://www.1728.com/cubic.htm
A2: 1 | B2: =IF(AND(A2>=0,A2<=1),D2+AE2*(E2-D2),"") -> 0.2 | C2: =IF(A2<1,LOOKUP(A2,Computations!$C$2:$C$100,Computations!$A$2:$A$100),n) -> 12 | D2: =INDIRECT("Computations!B"&C2) -> 0.18 | E2: =INDIRECT("Computations!B"&(C2+1)) -> 0.2 | F2: =INDIRECT("Computations!S"&C2) -> -0.0083783784 | G2: =INDIRECT("Computations!R"&C2) -> 0.036756757 | H2: =INDIRECT("Computations!Q"&C2) -> 0.12162162 | I2: =INDIRECT("Computations!C"&C2)-A2 -> -0.15 | J2: =-I2/H2 -> 1.2333333 | K2: =(-H2+SQRT(H2*H2-4*G2*I2))/(2*G2) -> 0.95671072 | L2: =IF(AND(K2>=0,K2<=1),K2,(-H2-SQRT(H2*H2-4*G2*I2))/(2*G2)) -> 0.95671072 | M2: =H2/F2-G2^2/F2^2/3 -> -20.931668 | N2: =(2*G2^3/F2^3-9*G2*H2/F2^2+27*I2/F2)/27 -> -9.5792378 | O2: =N2^2/4+M2^3/27 -> -316.72219 | P2: =SQRT(N2^2/4-O2) -> 18.429939 | Q2: =P2^(1/3) -> 2.6414433 | R2: =ACOS(-N2/2/P2) -> 1.3078958 | S2: =-Q2 -> -2.6414433 | T2: =COS(R2/3) -> 0.90646285 | U2: =SQRT(3)*SIN(R2/3) -> 0.73142007 | V2: =-G2/F2/3 -> 1.4623656 | W2: =2*Q2*T2+V2 -> 6.2511061 | X2: =S2*(T2+U2)+V2 -> -2.8640093 | Y2: =S2*(T2-U2)+V2 -> 1 | Z2: =-N2/2+SQRT(O2) -> #NUM! | AA2: =Z2^(1/3) -> #NUM! | AB2: =-N2/2-SQRT(O2) -> #NUM! | AC2: =AB2^(1/3) -> #NUM! | AD2: =AA2+AC2+V2 -> #NUM! | AE2: =IF(F2=0,IF(G2=0,J2,L2),IF(O2>0,AD2,IF(AND(W2>=0,W2<=1),W2,IF(AND(X2>=0,X2<=1),X2,Y2)))) -> 1 | AG2: Unhide the columns from C through AB to see the computations
A3: 0.999 | B3: =IF(AND(A3<>"",A3>=0,A3<=1),D3+AE3*(E3-D3),"") -> 0.19988231 | C3: =IF(A3<1,LOOKUP(A3,Computations!$C$2:$C$100,Computations!$A$2:$A$100),n) -> 12 | D3: =INDIRECT("Computations!B"&C3) -> 0.18 | E3: =INDIRECT("Computations!B"&(C3+1)) -> 0.2 | F3: =INDIRECT("Computations!S"&C3) -> -0.0083783784 | G3: =INDIRECT("Computations!R"&C3) -> 0.036756757 | H3: =INDIRECT("Computations!Q"&C3) -> 0.12162162 | I3: =INDIRECT("Computations!C"&C3)-A3 -> -0.149 | J3: =-I3/H3 -> 1.2251111 | K3: =(-H3+SQRT(H3*H3-4*G3*I3))/(2*G3) -> 0.9514959 | L3: =IF(AND(K3>=0,K3<=1),K3,(-H3-SQRT(H3*H3-4*G3*I3))/(2*G3)) -> 0.9514959 | M3: =H3/F3-G3^2/F3^2/3 -> -20.931668 | N3: =(2*G3^3/F3^3-9*G3*H3/F3^2+27*I3/F3)/27 -> -9.6985927 | O3: =N3^2/4+M3^3/27 -> -316.14696 | P3: =SQRT(N3^2/4-O3) -> 18.429939 | Q3: =P3^(1/3) -> 2.6414433 | R3: =ACOS(-N3/2/P3) -> 1.304541 | S3: =-Q3 -> -2.6414433 | T3: =COS(R3/3) -> 0.90693451 | U3: =SQRT(3)*SIN(R3/3) -> 0.72966388 | V3: =-G3/F3/3 -> 1.4623656 | W3: =2*Q3*T3+V3 -> 6.2535978 | X3: =S3*(T3+U3)+V3 -> -2.8606163 | Y3: =S3*(T3-U3)+V3 -> 0.99411527 | Z3: =-N3/2+SQRT(O3) -> #NUM! | AA3: =Z3^(1/3) -> #NUM! | AB3: =-N3/2-SQRT(O3) -> #NUM! | AC3: =AB3^(1/3) -> #NUM! | AD3: =AA3+AC3+V3 -> #NUM! | AE3: =IF(F3=0,IF(G3=0,J3,L3),IF(O3>0,AD3,IF(AND(W3>=0,W3<=1),W3,IF(AND(X3>=0,X3<=1),X3,Y3)))) -> 0.99411527
A4: 0.5 | B4: =IF(AND(A4<>"",A4>=0,A4<=1),D4+AE4*(E4-D4),"") -> 0.105 | C4: =IF(A4<1,LOOKUP(A4,Computations!$C$2:$C$100,Computations!$A$2:$A$100),n) -> 8 | D4: =INDIRECT("Computations!B"&C4) -> 0.105 | E4: =INDIRECT("Computations!B"&(C4+1)) -> 0.12 | F4: =INDIRECT("Computations!S"&C4) -> 0.03 | G4: =INDIRECT("Computations!R"&C4) -> -0.06 | H4: =INDIRECT("Computations!Q"&C4) -> 0.08 | I4: =INDIRECT("Computations!C"&C4)-A4 -> 0 | J4: =-I4/H4 -> 0 | K4: =(-H4+SQRT(H4*H4-4*G4*I4))/(2*G4) -> 0 | L4: =IF(AND(K4>=0,K4<=1),K4,(-H4-SQRT(H4*H4-4*G4*I4))/(2*G4)) -> 0 | M4: =H4/F4-G4^2/F4^2/3 -> 1.3333333 | N4: =(2*G4^3/F4^3-9*G4*H4/F4^2+27*I4/F4)/27 -> 1.1851852 | O4: =N4^2/4+M4^3/27 -> 0.43895748 | P4: =SQRT(N4^2/4-O4) -> #NUM! | Q4: =P4^(1/3) -> #NUM! | R4: =ACOS(-N4/2/P4) -> #NUM! | S4: =-Q4 -> #NUM! | T4: =COS(R4/3) -> #NUM! | U4: =SQRT(3)*SIN(R4/3) -> #NUM! | V4: =-G4/F4/3 -> 0.66666667 | W4: =2*Q4*T4+V4 -> #NUM! | X4: =S4*(T4+U4)+V4 -> #NUM! | Y4: =S4*(T4-U4)+V4 -> #NUM! | Z4: =-N4/2+SQRT(O4) -> 0.069946067 | AA4: =Z4^(1/3) -> 0.41202266 | AB4: =-N4/2-SQRT(O4) -> -1.2551313 | AC4: =AB4^(1/3) -> -1.0786893 | AD4: =AA4+AC4+V4 -> 0 | AE4: =IF(F4=0,IF(G4=0,J4,L4),IF(O4>0,AD4,IF(AND(W4>=0,W4<=1),W4,IF(AND(X4>=0,X4<=1),X4,Y4)))) -> 0
A5: 0 | B5: =IF(AND(A5<>"",A5>=0,A5<=1),D5+AE5*(E5-D5),"") -> 0.015 | C5: =IF(A5<1,LOOKUP(A5,Computations!$C$2:$C$100,Computations!$A$2:$A$100),n) -> 2 | D5: =INDIRECT("Computations!B"&C5) -> 0.015 | E5: =INDIRECT("Computations!B"&(C5+1)) -> 0.03 | F5: =INDIRECT("Computations!S"&C5) -> -0.0016666667 | G5: =INDIRECT("Computations!R"&C5) -> 0.011666667 | H5: =INDIRECT("Computations!Q"&C5) -> 0.04 | I5: =INDIRECT("Computations!C"&C5)-A5 -> 0 | J5: =-I5/H5 -> 0 | K5: =(-H5+SQRT(H5*H5-4*G5*I5))/(2*G5) -> 0 | L5: =IF(AND(K5>=0,K5<=1),K5,(-H5-SQRT(H5*H5-4*G5*I5))/(2*G5)) -> 0 | M5: =H5/F5-G5^2/F5^2/3 -> -40.333333 | N5: =(2*G5^3/F5^3-9*G5*H5/F5^2+27*I5/F5)/27 -> -81.407407 | O5: =N5^2/4+M5^3/27 -> -773.33333 | P5: =SQRT(N5^2/4-O5) -> 49.296296 | Q5: =P5^(1/3) -> 3.6666667 | R5: =ACOS(-N5/2/P5) -> 0.59936328 | S5: =-Q5 -> -3.6666667 | T5: =COS(R5/3) -> 0.98010872 | U5: =SQRT(3)*SIN(R5/3) -> 0.34374508 | V5: =-G5/F5/3 -> 2.3333333 | W5: =2*Q5*T5+V5 -> 9.5207973 | X5: =S5*(T5+U5)+V5 -> -2.5207973 | Y5: =S5*(T5-U5)+V5 -> 0 | Z5: =-N5/2+SQRT(O5) -> #NUM! | AA5: =Z5^(1/3) -> #NUM! | AB5: =-N5/2-SQRT(O5) -> #NUM! | AC5: =AB5^(1/3) -> #NUM! | AD5: =AA5+AC5+V5 -> #NUM! | AE5: =IF(F5=0,IF(G5=0,J5,L5),IF(O5>0,AD5,IF(AND(W5>=0,W5<=1),W5,IF(AND(X5>=0,X5<=1),X5,Y5)))) -> 0
B6: =IF(AND(A6<>"",A6>=0,A6<=1),D6+AE6*(E6-D6),"") | C6: =IF(A6<1,LOOKUP(A6,Computations!$C$2:$C$100,Computations!$A$2:$A$100),n) -> 2 | D6: =INDIRECT("Computations!B"&C6) -> 0.015 | E6: =INDIRECT("Computations!B"&(C6+1)) -> 0.03 | F6: =INDIRECT("Computations!S"&C6) -> -0.0016666667 | G6: =INDIRECT("Computations!R"&C6) -> 0.011666667 | H6: =INDIRECT("Computations!Q"&C6) -> 0.04 | I6: =INDIRECT("Computations!C"&C6)-A6 -> 0 | J6: =-I6/H6 -> 0 | K6: =(-H6+SQRT(H6*H6-4*G6*I6))/(2*G6) -> 0 | L6: =IF(AND(K6>=0,K6<=1),K6,(-H6-SQRT(H6*H6-4*G6*I6))/(2*G6)) -> 0 | M6: =H6/F6-G6^2/F6^2/3 -> -40.333333 | N6: =(2*G6^3/F6^3-9*G6*H6/F6^2+27*I6/F6)/27 -> -81.407407 | O6: =N6^2/4+M6^3/27 -> -773.33333 | P6: =SQRT(N6^2/4-O6) -> 49.296296 | Q6: =P6^(1/3) -> 3.6666667 | R6: =ACOS(-N6/2/P6) -> 0.59936328 | S6: =-Q6 -> -3.6666667 | T6: =COS(R6/3) -> 0.98010872 | U6: =SQRT(3)*SIN(R6/3) -> 0.34374508 | V6: =-G6/F6/3 -> 2.3333333 | W6: =2*Q6*T6+V6 -> 9.5207973 | X6: =S6*(T6+U6)+V6 -> -2.5207973 | Y6: =S6*(T6-U6)+V6 -> 0 | Z6: =-N6/2+SQRT(O6) -> #NUM! | AA6: =Z6^(1/3) -> #NUM! | AB6: =-N6/2-SQRT(O6) -> #NUM! | AC6: =AB6^(1/3) -> #NUM! | AD6: =AA6+AC6+V6 -> #NUM! | AE6: =IF(F6=0,IF(G6=0,J6,L6),IF(O6>0,AD6,IF(AND(W6>=0,W6<=1),W6,IF(AND(X6>=0,X6<=1),X6,Y6)))) -> 0
B7: =IF(AND(A7<>"",A7>=0,A7<=1),D7+AE7*(E7-D7),"") | C7: =IF(A7<1,LOOKUP(A7,Computations!$C$2:$C$100,Computations!$A$2:$A$100),n) -> 2 | D7: =INDIRECT("Computations!B"&C7) -> 0.015 | E7: =INDIRECT("Computations!B"&(C7+1)) -> 0.03 | F7: =INDIRECT("Computations!S"&C7) -> -0.0016666667 | G7: =INDIRECT("Computations!R"&C7) -> 0.011666667 | H7: =INDIRECT("Computations!Q"&C7) -> 0.04 | I7: =INDIRECT("Computations!C"&C7)-A7 -> 0 | J7: =-I7/H7 -> 0 | K7: =(-H7+SQRT(H7*H7-4*G7*I7))/(2*G7) -> 0 | L7: =IF(AND(K7>=0,K7<=1),K7,(-H7-SQRT(H7*H7-4*G7*I7))/(2*G7)) -> 0 | M7: =H7/F7-G7^2/F7^2/3 -> -40.333333 | N7: =(2*G7^3/F7^3-9*G7*H7/F7^2+27*I7/F7)/27 -> -81.407407 | O7: =N7^2/4+M7^3/27 -> -773.33333 | P7: =SQRT(N7^2/4-O7) -> 49.296296 | Q7: =P7^(1/3) -> 3.6666667 | R7: =ACOS(-N7/2/P7) -> 0.59936328 | S7: =-Q7 -> -3.6666667 | T7: =COS(R7/3) -> 0.98010872 | U7: =SQRT(3)*SIN(R7/3) -> 0.34374508 | V7: =-G7/F7/3 -> 2.3333333 | W7: =2*Q7*T7+V7 -> 9.5207973 | X7: =S7*(T7+U7)+V7 -> -2.5207973 | Y7: =S7*(T7-U7)+V7 -> 0 | Z7: =-N7/2+SQRT(O7) -> #NUM! | AA7: =Z7^(1/3) -> #NUM! | AB7: =-N7/2-SQRT(O7) -> #NUM! | AC7: =AB7^(1/3) -> #NUM! | AD7: =AA7+AC7+V7 -> #NUM! | AE7: =IF(F7=0,IF(G7=0,J7,L7),IF(O7>0,AD7,IF(AND(W7>=0,W7<=1),W7,IF(AND(X7>=0,X7<=1),X7,Y7)))) -> 0
B8: =IF(AND(A8<>"",A8>=0,A8<=1),D8+AE8*(E8-D8),"") | C8: =IF(A8<1,LOOKUP(A8,Computations!$C$2:$C$100,Computations!$A$2:$A$100),n) -> 2 | D8: =INDIRECT("Computations!B"&C8) -> 0.015 | E8: =INDIRECT("Computations!B"&(C8+1)) -> 0.03 | F8: =INDIRECT("Computations!S"&C8) -> -0.0016666667 | G8: =INDIRECT("Computations!R"&C8) -> 0.011666667 | H8: =INDIRECT("Computations!Q"&C8) -> 0.04 | I8: =INDIRECT("Computations!C"&C8)-A8 -> 0 | J8: =-I8/H8 -> 0 | K8: =(-H8+SQRT(H8*H8-4*G8*I8))/(2*G8) -> 0 | L8: =IF(AND(K8>=0,K8<=1),K8,(-H8-SQRT(H8*H8-4*G8*I8))/(2*G8)) -> 0 | M8: =H8/F8-G8^2/F8^2/3 -> -40.333333 | N8: =(2*G8^3/F8^3-9*G8*H8/F8^2+27*I8/F8)/27 -> -81.407407 | O8: =N8^2/4+M8^3/27 -> -773.33333 | P8: =SQRT(N8^2/4-O8) -> 49.296296 | Q8: =P8^(1/3) -> 3.6666667 | R8: =ACOS(-N8/2/P8) -> 0.59936328 | S8: =-Q8 -> -3.6666667 | T8: =COS(R8/3) -> 0.98010872 | U8: =SQRT(3)*SIN(R8/3) -> 0.34374508 | V8: =-G8/F8/3 -> 2.3333333 | W8: =2*Q8*T8+V8 -> 9.5207973 | X8: =S8*(T8+U8)+V8 -> -2.5207973 | Y8: =S8*(T8-U8)+V8 -> 0 | Z8: =-N8/2+SQRT(O8) -> #NUM! | AA8: =Z8^(1/3) -> #NUM! | AB8: =-N8/2-SQRT(O8) -> #NUM! | AC8: =AB8^(1/3) -> #NUM! | AD8: =AA8+AC8+V8 -> #NUM! | AE8: =IF(F8=0,IF(G8=0,J8,L8),IF(O8>0,AD8,IF(AND(W8>=0,W8<=1),W8,IF(AND(X8>=0,X8<=1),X8,Y8)))) -> 0
B9: =IF(AND(A9<>"",A9>=0,A9<=1),D9+AE9*(E9-D9),"") | C9: =IF(A9<1,LOOKUP(A9,Computations!$C$2:$C$100,Computations!$A$2:$A$100),n) -> 2 | D9: =INDIRECT("Computations!B"&C9) -> 0.015 | E9: =INDIRECT("Computations!B"&(C9+1)) -> 0.03 | F9: =INDIRECT("Computations!S"&C9) -> -0.0016666667 | G9: =INDIRECT("Computations!R"&C9) -> 0.011666667 | H9: =INDIRECT("Computations!Q"&C9) -> 0.04 | I9: =INDIRECT("Computations!C"&C9)-A9 -> 0 | J9: =-I9/H9 -> 0 | K9: =(-H9+SQRT(H9*H9-4*G9*I9))/(2*G9) -> 0 | L9: =IF(AND(K9>=0,K9<=1),K9,(-H9-SQRT(H9*H9-4*G9*I9))/(2*G9)) -> 0 | M9: =H9/F9-G9^2/F9^2/3 -> -40.333333 | N9: =(2*G9^3/F9^3-9*G9*H9/F9^2+27*I9/F9)/27 -> -81.407407 | O9: =N9^2/4+M9^3/27 -> -773.33333 | P9: =SQRT(N9^2/4-O9) -> 49.296296 | Q9: =P9^(1/3) -> 3.6666667 | R9: =ACOS(-N9/2/P9) -> 0.59936328 | S9: =-Q9 -> -3.6666667 | T9: =COS(R9/3) -> 0.98010872 | U9: =SQRT(3)*SIN(R9/3) -> 0.34374508 | V9: =-G9/F9/3 -> 2.3333333 | W9: =2*Q9*T9+V9 -> 9.5207973 | X9: =S9*(T9+U9)+V9 -> -2.5207973 | Y9: =S9*(T9-U9)+V9 -> 0 | Z9: =-N9/2+SQRT(O9) -> #NUM! | AA9: =Z9^(1/3) -> #NUM! | AB9: =-N9/2-SQRT(O9) -> #NUM! | AC9: =AB9^(1/3) -> #NUM! | AD9: =AA9+AC9+V9 -> #NUM! | AE9: =IF(F9=0,IF(G9=0,J9,L9),IF(O9>0,AD9,IF(AND(W9>=0,W9<=1),W9,IF(AND(X9>=0,X9<=1),X9,Y9)))) -> 0
B10: =IF(AND(A10<>"",A10>=0,A10<=1),D10+AE10*(E10-D10),"") | C10: =IF(A10<1,LOOKUP(A10,Computations!$C$2:$C$100,Computations!$A$2:$A$100),n) -> 2 | D10: =INDIRECT("Computations!B"&C10) -> 0.015 | E10: =INDIRECT("Computations!B"&(C10+1)) -> 0.03 | F10: =INDIRECT("Computations!S"&C10) -> -0.0016666667 | G10: =INDIRECT("Computations!R"&C10) -> 0.011666667 | H10: =INDIRECT("Computations!Q"&C10) -> 0.04 | I10: =INDIRECT("Computations!C"&C10)-A10 -> 0 | J10: =-I10/H10 -> 0 | K10: =(-H10+SQRT(H10*H10-4*G10*I10))/(2*G10) -> 0 | L10: =IF(AND(K10>=0,K10<=1),K10,(-H10-SQRT(H10*H10-4*G10*I10))/(2*G10)) -> 0 | M10: =H10/F10-G10^2/F10^2/3 -> -40.333333 | N10: =(2*G10^3/F10^3-9*G10*H10/F10^2+27*I10/F10)/27 -> -81.407407 | O10: =N10^2/4+M10^3/27 -> -773.33333 | P10: =SQRT(N10^2/4-O10) -> 49.296296 | Q10: =P10^(1/3) -> 3.6666667 | R10: =ACOS(-N10/2/P10) -> 0.59936328 | S10: =-Q10 -> -3.6666667 | T10: =COS(R10/3) -> 0.98010872 | U10: =SQRT(3)*SIN(R10/3) -> 0.34374508 | V10: =-G10/F10/3 -> 2.3333333 | W10: =2*Q10*T10+V10 -> 9.5207973 | X10: =S10*(T10+U10)+V10 -> -2.5207973 | Y10: =S10*(T10-U10)+V10 -> 0 | Z10: =-N10/2+SQRT(O10) -> #NUM! | AA10: =Z10^(1/3) -> #NUM! | AB10: =-N10/2-SQRT(O10) -> #NUM! | AC10: =AB10^(1/3) -> #NUM! | AD10: =AA10+AC10+V10 -> #NUM! | AE10: =IF(F10=0,IF(G10=0,J10,L10),IF(O10>0,AD10,IF(AND(W10>=0,W10<=1),W10,IF(AND(X10>=0,X10<=1),X10,Y10)))) -> 0
B11: =IF(AND(A11<>"",A11>=0,A11<=1),D11+AE11*(E11-D11),"") | C11: =IF(A11<1,LOOKUP(A11,Computations!$C$2:$C$100,Computations!$A$2:$A$100),n) -> 2 | D11: =INDIRECT("Computations!B"&C11) -> 0.015 | E11: =INDIRECT("Computations!B"&(C11+1)) -> 0.03 | F11: =INDIRECT("Computations!S"&C11) -> -0.0016666667 | G11: =INDIRECT("Computations!R"&C11) -> 0.011666667 | H11: =INDIRECT("Computations!Q"&C11) -> 0.04 | I11: =INDIRECT("Computations!C"&C11)-A11 -> 0 | J11: =-I11/H11 -> 0 | K11: =(-H11+SQRT(H11*H11-4*G11*I11))/(2*G11) -> 0 | L11: =IF(AND(K11>=0,K11<=1),K11,(-H11-SQRT(H11*H11-4*G11*I11))/(2*G11)) -> 0 | M11: =H11/F11-G11^2/F11^2/3 -> -40.333333 | N11: =(2*G11^3/F11^3-9*G11*H11/F11^2+27*I11/F11)/27 -> -81.407407 | O11: =N11^2/4+M11^3/27 -> -773.33333 | P11: =SQRT(N11^2/4-O11) -> 49.296296 | Q11: =P11^(1/3) -> 3.6666667 | R11: =ACOS(-N11/2/P11) -> 0.59936328 | S11: =-Q11 -> -3.6666667 | T11: =COS(R11/3) -> 0.98010872 | U11: =SQRT(3)*SIN(R11/3) -> 0.34374508 | V11: =-G11/F11/3 -> 2.3333333 | W11: =2*Q11*T11+V11 -> 9.5207973 | X11: =S11*(T11+U11)+V11 -> -2.5207973 | Y11: =S11*(T11-U11)+V11 -> 0 | Z11: =-N11/2+SQRT(O11) -> #NUM! | AA11: =Z11^(1/3) -> #NUM! | AB11: =-N11/2-SQRT(O11) -> #NUM! | AC11: =AB11^(1/3) -> #NUM! | AD11: =AA11+AC11+V11 -> #NUM! | AE11: =IF(F11=0,IF(G11=0,J11,L11),IF(O11>0,AD11,IF(AND(W11>=0,W11<=1),W11,IF(AND(X11>=0,X11<=1),X11,Y11)))) -> 0
B12: =IF(AND(A12<>"",A12>=0,A12<=1),D12+AE12*(E12-D12),"") | C12: =IF(A12<1,LOOKUP(A12,Computations!$C$2:$C$100,Computations!$A$2:$A$100),n) -> 2 | D12: =INDIRECT("Computations!B"&C12) -> 0.015 | E12: =INDIRECT("Computations!B"&(C12+1)) -> 0.03 | F12: =INDIRECT("Computations!S"&C12) -> -0.0016666667 | G12: =INDIRECT("Computations!R"&C12) -> 0.011666667 | H12: =INDIRECT("Computations!Q"&C12) -> 0.04 | I12: =INDIRECT("Computations!C"&C12)-A12 -> 0 | J12: =-I12/H12 -> 0 | K12: =(-H12+SQRT(H12*H12-4*G12*I12))/(2*G12) -> 0 | L12: =IF(AND(K12>=0,K12<=1),K12,(-H12-SQRT(H12*H12-4*G12*I12))/(2*G12)) -> 0 | M12: =H12/F12-G12^2/F12^2/3 -> -40.333333 | N12: =(2*G12^3/F12^3-9*G12*H12/F12^2+27*I12/F12)/27 -> -81.407407 | O12: =N12^2/4+M12^3/27 -> -773.33333 | P12: =SQRT(N12^2/4-O12) -> 49.296296 | Q12: =P12^(1/3) -> 3.6666667 | R12: =ACOS(-N12/2/P12) -> 0.59936328 | S12: =-Q12 -> -3.6666667 | T12: =COS(R12/3) -> 0.98010872 | U12: =SQRT(3)*SIN(R12/3) -> 0.34374508 | V12: =-G12/F12/3 -> 2.3333333 | W12: =2*Q12*T12+V12 -> 9.5207973 | X12: =S12*(T12+U12)+V12 -> -2.5207973 | Y12: =S12*(T12-U12)+V12 -> 0 | Z12: =-N12/2+SQRT(O12) -> #NUM! | AA12: =Z12^(1/3) -> #NUM! | AB12: =-N12/2-SQRT(O12) -> #NUM! | AC12: =AB12^(1/3) -> #NUM! | AD12: =AA12+AC12+V12 -> #NUM! | AE12: =IF(F12=0,IF(G12=0,J12,L12),IF(O12>0,AD12,IF(AND(W12>=0,W12<=1),W12,IF(AND(X12>=0,X12<=1),X12,Y12)))) -> 0
B13: =IF(AND(A13<>"",A13>=0,A13<=1),D13+AE13*(E13-D13),"") | C13: =IF(A13<1,LOOKUP(A13,Computations!$C$2:$C$100,Computations!$A$2:$A$100),n) -> 2 | D13: =INDIRECT("Computations!B"&C13) -> 0.015 | E13: =INDIRECT("Computations!B"&(C13+1)) -> 0.03 | F13: =INDIRECT("Computations!S"&C13) -> -0.0016666667 | G13: =INDIRECT("Computations!R"&C13) -> 0.011666667 | H13: =INDIRECT("Computations!Q"&C13) -> 0.04 | I13: =INDIRECT("Computations!C"&C13)-A13 -> 0 | J13: =-I13/H13 -> 0 | K13: =(-H13+SQRT(H13*H13-4*G13*I13))/(2*G13) -> 0 | L13: =IF(AND(K13>=0,K13<=1),K13,(-H13-SQRT(H13*H13-4*G13*I13))/(2*G13)) -> 0 | M13: =H13/F13-G13^2/F13^2/3 -> -40.333333 | N13: =(2*G13^3/F13^3-9*G13*H13/F13^2+27*I13/F13)/27 -> -81.407407 | O13: =N13^2/4+M13^3/27 -> -773.33333 | P13: =SQRT(N13^2/4-O13) -> 49.296296 | Q13: =P13^(1/3) -> 3.6666667 | R13: =ACOS(-N13/2/P13) -> 0.59936328 | S13: =-Q13 -> -3.6666667 | T13: =COS(R13/3) -> 0.98010872 | U13: =SQRT(3)*SIN(R13/3) -> 0.34374508 | V13: =-G13/F13/3 -> 2.3333333 | W13: =2*Q13*T13+V13 -> 9.5207973 | X13: =S13*(T13+U13)+V13 -> -2.5207973 | Y13: =S13*(T13-U13)+V13 -> 0 | Z13: =-N13/2+SQRT(O13) -> #NUM! | AA13: =Z13^(1/3) -> #NUM! | AB13: =-N13/2-SQRT(O13) -> #NUM! | AC13: =AB13^(1/3) -> #NUM! | AD13: =AA13+AC13+V13 -> #NUM! | AE13: =IF(F13=0,IF(G13=0,J13,L13),IF(O13>0,AD13,IF(AND(W13>=0,W13<=1),W13,IF(AND(X13>=0,X13<=1),X13,Y13)))) -> 0
B14: =IF(AND(A14<>"",A14>=0,A14<=1),D14+AE14*(E14-D14),"") | C14: =IF(A14<1,LOOKUP(A14,Computations!$C$2:$C$100,Computations!$A$2:$A$100),n) -> 2 | D14: =INDIRECT("Computations!B"&C14) -> 0.015 | E14: =INDIRECT("Computations!B"&(C14+1)) -> 0.03 | F14: =INDIRECT("Computations!S"&C14) -> -0.0016666667 | G14: =INDIRECT("Computations!R"&C14) -> 0.011666667 | H14: =INDIRECT("Computations!Q"&C14) -> 0.04 | I14: =INDIRECT("Computations!C"&C14)-A14 -> 0 | J14: =-I14/H14 -> 0 | K14: =(-H14+SQRT(H14*H14-4*G14*I14))/(2*G14) -> 0 | L14: =IF(AND(K14>=0,K14<=1),K14,(-H14-SQRT(H14*H14-4*G14*I14))/(2*G14)) -> 0 | M14: =H14/F14-G14^2/F14^2/3 -> -40.333333 | N14: =(2*G14^3/F14^3-9*G14*H14/F14^2+27*I14/F14)/27 -> -81.407407 | O14: =N14^2/4+M14^3/27 -> -773.33333 | P14: =SQRT(N14^2/4-O14) -> 49.296296 | Q14: =P14^(1/3) -> 3.6666667 | R14: =ACOS(-N14/2/P14) -> 0.59936328 | S14: =-Q14 -> -3.6666667 | T14: =COS(R14/3) -> 0.98010872 | U14: =SQRT(3)*SIN(R14/3) -> 0.34374508 | V14: =-G14/F14/3 -> 2.3333333 | W14: =2*Q14*T14+V14 -> 9.5207973 | X14: =S14*(T14+U14)+V14 -> -2.5207973 | Y14: =S14*(T14-U14)+V14 -> 0 | Z14: =-N14/2+SQRT(O14) -> #NUM! | AA14: =Z14^(1/3) -> #NUM! | AB14: =-N14/2-SQRT(O14) -> #NUM! | AC14: =AB14^(1/3) -> #NUM! | AD14: =AA14+AC14+V14 -> #NUM! | AE14: =IF(F14=0,IF(G14=0,J14,L14),IF(O14>0,AD14,IF(AND(W14>=0,W14<=1),W14,IF(AND(X14>=0,X14<=1),X14,Y14)))) -> 0
B15: =IF(AND(A15<>"",A15>=0,A15<=1),D15+AE15*(E15-D15),"") | C15: =IF(A15<1,LOOKUP(A15,Computations!$C$2:$C$100,Computations!$A$2:$A$100),n) -> 2 | D15: =INDIRECT("Computations!B"&C15) -> 0.015 | E15: =INDIRECT("Computations!B"&(C15+1)) -> 0.03 | F15: =INDIRECT("Computations!S"&C15) -> -0.0016666667 | G15: =INDIRECT("Computations!R"&C15) -> 0.011666667 | H15: =INDIRECT("Computations!Q"&C15) -> 0.04 | I15: =INDIRECT("Computations!C"&C15)-A15 -> 0 | J15: =-I15/H15 -> 0 | K15: =(-H15+SQRT(H15*H15-4*G15*I15))/(2*G15) -> 0 | L15: =IF(AND(K15>=0,K15<=1),K15,(-H15-SQRT(H15*H15-4*G15*I15))/(2*G15)) -> 0 | M15: =H15/F15-G15^2/F15^2/3 -> -40.333333 | N15: =(2*G15^3/F15^3-9*G15*H15/F15^2+27*I15/F15)/27 -> -81.407407 | O15: =N15^2/4+M15^3/27 -> -773.33333 | P15: =SQRT(N15^2/4-O15) -> 49.296296 | Q15: =P15^(1/3) -> 3.6666667 | R15: =ACOS(-N15/2/P15) -> 0.59936328 | S15: =-Q15 -> -3.6666667 | T15: =COS(R15/3) -> 0.98010872 | U15: =SQRT(3)*SIN(R15/3) -> 0.34374508 | V15: =-G15/F15/3 -> 2.3333333 | W15: =2*Q15*T15+V15 -> 9.5207973 | X15: =S15*(T15+U15)+V15 -> -2.5207973 | Y15: =S15*(T15-U15)+V15 -> 0 | Z15: =-N15/2+SQRT(O15) -> #NUM! | AA15: =Z15^(1/3) -> #NUM! | AB15: =-N15/2-SQRT(O15) -> #NUM! | AC15: =AB15^(1/3) -> #NUM! | AD15: =AA15+AC15+V15 -> #NUM! | AE15: =IF(F15=0,IF(G15=0,J15,L15),IF(O15>0,AD15,IF(AND(W15>=0,W15<=1),W15,IF(AND(X15>=0,X15<=1),X15,Y15)))) -> 0
B16: =IF(AND(A16<>"",A16>=0,A16<=1),D16+AE16*(E16-D16),"") | C16: =IF(A16<1,LOOKUP(A16,Computations!$C$2:$C$100,Computations!$A$2:$A$100),n) -> 2 | D16: =INDIRECT("Computations!B"&C16) -> 0.015 | E16: =INDIRECT("Computations!B"&(C16+1)) -> 0.03 | F16: =INDIRECT("Computations!S"&C16) -> -0.0016666667 | G16: =INDIRECT("Computations!R"&C16) -> 0.011666667 | H16: =INDIRECT("Computations!Q"&C16) -> 0.04 | I16: =INDIRECT("Computations!C"&C16)-A16 -> 0 | J16: =-I16/H16 -> 0 | K16: =(-H16+SQRT(H16*H16-4*G16*I16))/(2*G16) -> 0 | L16: =IF(AND(K16>=0,K16<=1),K16,(-H16-SQRT(H16*H16-4*G16*I16))/(2*G16)) -> 0 | M16: =H16/F16-G16^2/F16^2/3 -> -40.333333 | N16: =(2*G16^3/F16^3-9*G16*H16/F16^2+27*I16/F16)/27 -> -81.407407 | O16: =N16^2/4+M16^3/27 -> -773.33333 | P16: =SQRT(N16^2/4-O16) -> 49.296296 | Q16: =P16^(1/3) -> 3.6666667 | R16: =ACOS(-N16/2/P16) -> 0.59936328 | S16: =-Q16 -> -3.6666667 | T16: =COS(R16/3) -> 0.98010872 | U16: =SQRT(3)*SIN(R16/3) -> 0.34374508 | V16: =-G16/F16/3 -> 2.3333333 | W16: =2*Q16*T16+V16 -> 9.5207973 | X16: =S16*(T16+U16)+V16 -> -2.5207973 | Y16: =S16*(T16-U16)+V16 -> 0 | Z16: =-N16/2+SQRT(O16) -> #NUM! | AA16: =Z16^(1/3) -> #NUM! | AB16: =-N16/2-SQRT(O16) -> #NUM! | AC16: =AB16^(1/3) -> #NUM! | AD16: =AA16+AC16+V16 -> #NUM! | AE16: =IF(F16=0,IF(G16=0,J16,L16),IF(O16>0,AD16,IF(AND(W16>=0,W16<=1),W16,IF(AND(X16>=0,X16<=1),X16,Y16)))) -> 0
B17: =IF(AND(A17<>"",A17>=0,A17<=1),D17+AE17*(E17-D17),"") | C17: =IF(A17<1,LOOKUP(A17,Computations!$C$2:$C$100,Computations!$A$2:$A$100),n) -> 2 | D17: =INDIRECT("Computations!B"&C17) -> 0.015 | E17: =INDIRECT("Computations!B"&(C17+1)) -> 0.03 | F17: =INDIRECT("Computations!S"&C17) -> -0.0016666667 | G17: =INDIRECT("Computations!R"&C17) -> 0.011666667 | H17: =INDIRECT("Computations!Q"&C17) -> 0.04 | I17: =INDIRECT("Computations!C"&C17)-A17 -> 0 | J17: =-I17/H17 -> 0 | K17: =(-H17+SQRT(H17*H17-4*G17*I17))/(2*G17) -> 0 | L17: =IF(AND(K17>=0,K17<=1),K17,(-H17-SQRT(H17*H17-4*G17*I17))/(2*G17)) -> 0 | M17: =H17/F17-G17^2/F17^2/3 -> -40.333333 | N17: =(2*G17^3/F17^3-9*G17*H17/F17^2+27*I17/F17)/27 -> -81.407407 | O17: =N17^2/4+M17^3/27 -> -773.33333 | P17: =SQRT(N17^2/4-O17) -> 49.296296 | Q17: =P17^(1/3) -> 3.6666667 | R17: =ACOS(-N17/2/P17) -> 0.59936328 | S17: =-Q17 -> -3.6666667 | T17: =COS(R17/3) -> 0.98010872 | U17: =SQRT(3)*SIN(R17/3) -> 0.34374508 | V17: =-G17/F17/3 -> 2.3333333 | W17: =2*Q17*T17+V17 -> 9.5207973 | X17: =S17*(T17+U17)+V17 -> -2.5207973 | Y17: =S17*(T17-U17)+V17 -> 0 | Z17: =-N17/2+SQRT(O17) -> #NUM! | AA17: =Z17^(1/3) -> #NUM! | AB17: =-N17/2-SQRT(O17) -> #NUM! | AC17: =AB17^(1/3) -> #NUM! | AD17: =AA17+AC17+V17 -> #NUM! | AE17: =IF(F17=0,IF(G17=0,J17,L17),IF(O17>0,AD17,IF(AND(W17>=0,W17<=1),W17,IF(AND(X17>=0,X17<=1),X17,Y17)))) -> 0
... B101: =IF(AND(A101<>"",A101>=0,A101<=1),D101+AE101*(E101-D101),"") | C101: =IF(A101<1,LOOKUP(A101,Computations!$C$2:$C$100,Computations!$A$2:$A$100),n) -> 2 | D101: =INDIRECT("Computations!B"&C101) -> 0.015 | E101: =INDIRECT("Computations!B"&(C101+1)) -> 0.03 | F101: =INDIRECT("Computations!S"&C101) -> -0.0016666667 | G101: =INDIRECT("Computations!R"&C101) -> 0.011666667 | H101: =INDIRECT("Computations!Q"&C101) -> 0.04 | I101: =INDIRECT("Computations!C"&C101)-A101 -> 0 | J101: =-I101/H101 -> 0 | K101: =(-H101+SQRT(H101*H101-4*G101*I101))/(2*G101) -> 0 | L101: =IF(AND(K101>=0,K101<=1),K101,(-H101-SQRT(H101*H101-4*G101*I101))/(2*G101)) -> 0 | M101: =H101/F101-G101^2/F101^2/3 -> -40.333333 | N101: =(2*G101^3/F101^3-9*G101*H101/F101^2+27*I101/F101)/27 -> -81.407407 | O101: =N101^2/4+M101^3/27 -> -773.33333 | P101: =SQRT(N101^2/4-O101) -> 49.296296 | Q101: =P101^(1/3) -> 3.6666667 | R101: =ACOS(-N101/2/P101) -> 0.59936328 | S101: =-Q101 -> -3.6666667 | T101: =COS(R101/3) -> 0.98010872 | U101: =SQRT(3)*SIN(R101/3) -> 0.34374508 | V101: =-G101/F101/3 -> 2.3333333 | W101: =2*Q101*T101+V101 -> 9.5207973 | X101: =S101*(T101+U101)+V101 -> -2.5207973 | Y101: =S101*(T101-U101)+V101 -> 0 | Z101: =-N101/2+SQRT(O101) -> #NUM! | AA101: =Z101^(1/3) -> #NUM! | AB101: =-N101/2-SQRT(O101) -> #NUM! | AC101: =AB101^(1/3) -> #NUM! | AD101: =AA101+AC101+V101 -> #NUM! | AE101: =IF(F101=0,IF(G101=0,J101,L101),IF(O101>0,AD101,IF(AND(W101>=0,W101<=1),W101,IF(AND(X101>=0,X101<=1),X101,Y101)))) -> 0

Sheet Computations
B1: =Spline!A1 -> x | C1: y | D1: monotone x | E1: monotone Prob | F1: delta_x | G1: delta_y | H1: del | I1: h | J1: hs | K1: w1 | L1: w2 | M1: dmin | N1: dmax | O1: d_temp | P1: d | Q1: a1 | R1: a2 | S1: a3 | T1: number of datapoints = | U1: =SUM(Spline!C:C) -> 12 | V1: =SUM(Spline!D:D) -> 12 | W1: =U1+1 -> 13 | X1: =V1+1 -> 13
A2: 2 | B2: =IF(A2<=$W$1,INDIRECT("Spline!A"&A2),"") -> 0.015 | C2: =IF(A2<=$W$1,INDIRECT("Spline!B"&A2),"") -> 0 | F2: =B3-B2 -> 0.015 | G2: =C3-C2 -> 0.05 | H2: =G2/F2 -> 3.3333333 | I2: =F2 -> 0.015 | J2: =I2+I3 -> 0.03 | K2: =(I2+J2)/(3*J2) -> 0.5 | L2: =(I3+J2)/(3*J2) -> 0.5 | M2: =MIN(ABS(H2),ABS(H3)) -> 3.3333333 | N2: =MAX(ABS(H2),ABS(H3)) -> 4.6666667 | O2: =((2*I2+I3)*H2 - I2*H3)/(I2+I3) -> 2.6666667 | P2: =IF(SIGN(O2)<>SIGN(H2),0,IF(AND(SIGN(H2)<>SIGN(H3),ABS(O2)>ABS(3*H2)),3*H2,O2)) -> 2.6666667 | Q2: =P2*F2 -> 0.04 | R2: =G2-Q2-S2 -> 0.011666667 | S2: =F2*P3+Q2-2*G2 -> -0.0016666667
A3: 3 | B3: =IF(A3<=$W$1,INDIRECT("Spline!A"&A3),"") -> 0.03 | C3: =IF(A3<=$W$1,INDIRECT("Spline!B"&A3),"") -> 0.05 | D3: =B3-B2>0 -> TRUE | E3: =C3-C2>=0 -> TRUE | F3: =B4-B3 -> 0.015 | G3: =C4-C3 -> 0.07 | H3: =G3/F3 -> 4.6666667 | I3: =F3 -> 0.015 | J3: =I3+I4 -> 0.03 | K3: =(I3+J3)/(3*J3) -> 0.5 | L3: =(I4+J3)/(3*J3) -> 0.5 | M3: =MIN(ABS(H3),ABS(H4)) -> 2 | N3: =MAX(ABS(H3),ABS(H4)) -> 4.6666667 | O3: =IF(A3=$W$1,((2*I2+I1)*H2 - I2*H1)/(I2+I1),M2/(K2*H2/N2+L2*H3/N2)) -> 3.8888889 | P3: =IF(A3=$W$1,IF(SIGN(O3)<>SIGN(H2),0,IF(AND(SIGN(H1)<>SIGN(H2),ABS(O3)>ABS(3*H2)),3*H2,O3)),O3) -> 3.8888889 | Q3: =P3*F3 -> 0.058333333 | R3: =G3-Q3-S3 -> 0.051333333 | S3: =F3*P4+Q3-2*G3 -> -0.039666667
A4: 4 | B4: =IF(A4<=$W$1,INDIRECT("Spline!A"&A4),"") -> 0.045 | C4: =IF(A4<=$W$1,INDIRECT("Spline!B"&A4),"") -> 0.12 | D4: =B4-B3>0 -> TRUE | E4: =C4-C3>=0 -> TRUE | F4: =B5-B4 -> 0.015 | G4: =C5-C4 -> 0.03 | H4: =G4/F4 -> 2 | I4: =F4 -> 0.015 | J4: =I4+I5 -> 0.03 | K4: =(I4+J4)/(3*J4) -> 0.5 | L4: =(I5+J4)/(3*J4) -> 0.5 | M4: =MIN(ABS(H4),ABS(H5)) -> 2 | N4: =MAX(ABS(H4),ABS(H5)) -> 3.3333333 | O4: =IF(A4=$W$1,((2*I3+I2)*H3 - I3*H2)/(I3+I2),M3/(K3*H3/N3+L3*H4/N3)) -> 2.8 | P4: =IF(A4=$W$1,IF(SIGN(O4)<>SIGN(H3),0,IF(AND(SIGN(H2)<>SIGN(H3),ABS(O4)>ABS(3*H3)),3*H3,O4)),O4) -> 2.8 | Q4: =P4*F4 -> 0.042 | R4: =G4-Q4-S4 -> -0.0315 | S4: =F4*P5+Q4-2*G4 -> 0.0195
A5: 5 | B5: =IF(A5<=$W$1,INDIRECT("Spline!A"&A5),"") -> 0.06 | C5: =IF(A5<=$W$1,INDIRECT("Spline!B"&A5),"") -> 0.15 | D5: =B5-B4>0 -> TRUE | E5: =C5-C4>=0 -> TRUE | F5: =B6-B5 -> 0.015 | G5: =C6-C5 -> 0.05 | H5: =G5/F5 -> 3.3333333 | I5: =F5 -> 0.015 | J5: =I5+I6 -> 0.03 | K5: =(I5+J5)/(3*J5) -> 0.5 | L5: =(I6+J5)/(3*J5) -> 0.5 | M5: =MIN(ABS(H5),ABS(H6)) -> 3.3333333 | N5: =MAX(ABS(H5),ABS(H6)) -> 6.6666667 | O5: =IF(A5=$W$1,((2*I4+I3)*H4 - I4*H3)/(I4+I3),M4/(K4*H4/N4+L4*H5/N4)) -> 2.5 | P5: =IF(A5=$W$1,IF(SIGN(O5)<>SIGN(H4),0,IF(AND(SIGN(H3)<>SIGN(H4),ABS(O5)>ABS(3*H4)),3*H4,O5)),O5) -> 2.5 | Q5: =P5*F5 -> 0.0375 | R5: =G5-Q5-S5 -> 0.0083333333 | S5: =F5*P6+Q5-2*G5 -> 0.0041666667
A6: 6 | B6: =IF(A6<=$W$1,INDIRECT("Spline!A"&A6),"") -> 0.075 | C6: =IF(A6<=$W$1,INDIRECT("Spline!B"&A6),"") -> 0.2 | D6: =B6-B5>0 -> TRUE | E6: =C6-C5>=0 -> TRUE | F6: =B7-B6 -> 0.015 | G6: =C7-C6 -> 0.1 | H6: =G6/F6 -> 6.6666667 | I6: =F6 -> 0.015 | J6: =I6+I7 -> 0.03 | K6: =(I6+J6)/(3*J6) -> 0.5 | L6: =(I7+J6)/(3*J6) -> 0.5 | M6: =MIN(ABS(H6),ABS(H7)) -> 6.6666667 | N6: =MAX(ABS(H6),ABS(H7)) -> 13.333333 | O6: =IF(A6=$W$1,((2*I5+I4)*H5 - I5*H4)/(I5+I4),M5/(K5*H5/N5+L5*H6/N5)) -> 4.4444444 | P6: =IF(A6=$W$1,IF(SIGN(O6)<>SIGN(H5),0,IF(AND(SIGN(H4)<>SIGN(H5),ABS(O6)>ABS(3*H5)),3*H5,O6)),O6) -> 4.4444444 | Q6: =P6*F6 -> 0.066666667 | R6: =G6-Q6-S6 -> 0.033333333 | S6: =F6*P7+Q6-2*G6 -> 0
A7: 7 | B7: =IF(A7<=$W$1,INDIRECT("Spline!A"&A7),"") -> 0.09 | C7: =IF(A7<=$W$1,INDIRECT("Spline!B"&A7),"") -> 0.3 | D7: =B7-B6>0 -> TRUE | E7: =C7-C6>=0 -> TRUE | F7: =B8-B7 -> 0.015 | G7: =C8-C7 -> 0.2 | H7: =G7/F7 -> 13.333333 | I7: =F7 -> 0.015 | J7: =I7+I8 -> 0.03 | K7: =(I7+J7)/(3*J7) -> 0.5 | L7: =(I8+J7)/(3*J7) -> 0.5 | M7: =MIN(ABS(H7),ABS(H8)) -> 3.3333333 | N7: =MAX(ABS(H7),ABS(H8)) -> 13.333333 | O7: =IF(A7=$W$1,((2*I6+I5)*H6 - I6*H5)/(I6+I5),M6/(K6*H6/N6+L6*H7/N6)) -> 8.8888889 | P7: =IF(A7=$W$1,IF(SIGN(O7)<>SIGN(H6),0,IF(AND(SIGN(H5)<>SIGN(H6),ABS(O7)>ABS(3*H6)),3*H6,O7)),O7) -> 8.8888889 | Q7: =P7*F7 -> 0.13333333 | R7: =G7-Q7-S7 -> 0.25333333 | S7: =F7*P8+Q7-2*G7 -> -0.18666667
A8: 8 | B8: =IF(A8<=$W$1,INDIRECT("Spline!A"&A8),"") -> 0.105 | C8: =IF(A8<=$W$1,INDIRECT("Spline!B"&A8),"") -> 0.5 | D8: =B8-B7>0 -> TRUE | E8: =C8-C7>=0 -> TRUE | F8: =B9-B8 -> 0.015 | G8: =C9-C8 -> 0.05 | H8: =G8/F8 -> 3.3333333 | I8: =F8 -> 0.015 | J8: =I8+I9 -> 0.03 | K8: =(I8+J8)/(3*J8) -> 0.5 | L8: =(I9+J8)/(3*J8) -> 0.5 | M8: =MIN(ABS(H8),ABS(H9)) -> 3.3333333 | N8: =MAX(ABS(H8),ABS(H9)) -> 3.3333333 | O8: =IF(A8=$W$1,((2*I7+I6)*H7 - I7*H6)/(I7+I6),M7/(K7*H7/N7+L7*H8/N7)) -> 5.3333333 | P8: =IF(A8=$W$1,IF(SIGN(O8)<>SIGN(H7),0,IF(AND(SIGN(H6)<>SIGN(H7),ABS(O8)>ABS(3*H7)),3*H7,O8)),O8) -> 5.3333333 | Q8: =P8*F8 -> 0.08 | R8: =G8-Q8-S8 -> -0.06 | S8: =F8*P9+Q8-2*G8 -> 0.03
A9: 9 | B9: =IF(A9<=$W$1,INDIRECT("Spline!A"&A9),"") -> 0.12 | C9: =IF(A9<=$W$1,INDIRECT("Spline!B"&A9),"") -> 0.55 | D9: =B9-B8>0 -> TRUE | E9: =C9-C8>=0 -> TRUE | F9: =B10-B9 -> 0.015 | G9: =C10-C9 -> 0.05 | H9: =G9/F9 -> 3.3333333 | I9: =F9 -> 0.015 | J9: =I9+I10 -> 0.03 | K9: =(I9+J9)/(3*J9) -> 0.5 | L9: =(I10+J9)/(3*J9) -> 0.5 | M9: =MIN(ABS(H9),ABS(H10)) -> 3.3333333 | N9: =MAX(ABS(H9),ABS(H10)) -> 6.6666667 | O9: =IF(A9=$W$1,((2*I8+I7)*H8 - I8*H7)/(I8+I7),M8/(K8*H8/N8+L8*H9/N8)) -> 3.3333333 | P9: =IF(A9=$W$1,IF(SIGN(O9)<>SIGN(H8),0,IF(AND(SIGN(H7)<>SIGN(H8),ABS(O9)>ABS(3*H8)),3*H8,O9)),O9) -> 3.3333333 | Q9: =P9*F9 -> 0.05 | R9: =G9-Q9-S9 -> -0.016666667 | S9: =F9*P10+Q9-2*G9 -> 0.016666667
A10: 10 | B10: =IF(A10<=$W$1,INDIRECT("Spline!A"&A10),"") -> 0.135 | C10: =IF(A10<=$W$1,INDIRECT("Spline!B"&A10),"") -> 0.6 | D10: =B10-B9>0 -> TRUE | E10: =C10-C9>=0 -> TRUE | F10: =B11-B10 -> 0.015 | G10: =C11-C10 -> 0.1 | H10: =G10/F10 -> 6.6666667 | I10: =F10 -> 0.015 | J10: =I10+I11 -> 0.045 | K10: =(I10+J10)/(3*J10) -> 0.44444444 | L10: =(I11+J10)/(3*J10) -> 0.55555556 | M10: =MIN(ABS(H10),ABS(H11)) -> 5 | N10: =MAX(ABS(H10),ABS(H11)) -> 6.6666667 | O10: =IF(A10=$W$1,((2*I9+I8)*H9 - I9*H8)/(I9+I8),M9/(K9*H9/N9+L9*H10/N9)) -> 4.4444444 | P10: =IF(A10=$W$1,IF(SIGN(O10)<>SIGN(H9),0,IF(AND(SIGN(H8)<>SIGN(H9),ABS(O10)>ABS(3*H9)),3*H9,O10)),O10) -> 4.4444444 | Q10: =P10*F10 -> 0.066666667 | R10: =G10-Q10-S10 -> 0.079569892 | S10: =F10*P11+Q10-2*G10 -> -0.046236559
A11: 11 | B11: =IF(A11<=$W$1,INDIRECT("Spline!A"&A11),"") -> 0.15 | C11: =IF(A11<=$W$1,INDIRECT("Spline!B"&A11),"") -> 0.7 | D11: =B11-B10>0 -> TRUE | E11: =C11-C10>=0 -> TRUE | F11: =B12-B11 -> 0.03 | G11: =C12-C11 -> 0.15 | H11: =G11/F11 -> 5 | I11: =F11 -> 0.03 | J11: =I11+I12 -> 0.05 | K11: =(I11+J11)/(3*J11) -> 0.53333333 | L11: =(I12+J11)/(3*J11) -> 0.46666667 | M11: =MIN(ABS(H11),ABS(H12)) -> 5 | N11: =MAX(ABS(H11),ABS(H12)) -> 7.5 | O11: =IF(A11=$W$1,((2*I10+I9)*H10 - I10*H9)/(I10+I9),M10/(K10*H10/N10+L10*H11/N10)) -> 5.8064516 | P11: =IF(A11=$W$1,IF(SIGN(O11)<>SIGN(H10),0,IF(AND(SIGN(H9)<>SIGN(H10),ABS(O11)>ABS(3*H10)),3*H10,O11)),O11) -> 5.8064516 | Q11: =P11*F11 -> 0.17419355 | R11: =G11-Q11-S11 -> -0.080819529 | S11: =F11*P12+Q11-2*G11 -> 0.056625981
A12: 12 | B12: =IF(A12<=$W$1,INDIRECT("Spline!A"&A12),"") -> 0.18 | C12: =IF(A12<=$W$1,INDIRECT("Spline!B"&A12),"") -> 0.85 | D12: =B12-B11>0 -> TRUE | E12: =C12-C11>=0 -> TRUE | F12: =B13-B12 -> 0.02 | G12: =C13-C12 -> 0.15 | H12: =G12/F12 -> 7.5 | I12: =F12 -> 0.02 | J12: =I12+I13 -> #VALUE! | K12: =(I12+J12)/(3*J12) -> #VALUE! | L12: =(I13+J12)/(3*J12) -> #VALUE! | M12: =MIN(ABS(H12),ABS(H13)) -> #VALUE! | N12: =MAX(ABS(H12),ABS(H13)) -> #VALUE! | O12: =IF(A12=$W$1,((2*I11+I10)*H11 - I11*H10)/(I11+I10),M11/(K11*H11/N11+L11*H12/N11)) -> 6.0810811 | P12: =IF(A12=$W$1,IF(SIGN(O12)<>SIGN(H11),0,IF(AND(SIGN(H10)<>SIGN(H11),ABS(O12)>ABS(3*H11)),3*H11,O12)),O12) -> 6.0810811 | Q12: =P12*F12 -> 0.12162162 | R12: =G12-Q12-S12 -> 0.036756757 | S12: =F12*P13+Q12-2*G12 -> -0.0083783784
A13: 13 | B13: =IF(A13<=$W$1,INDIRECT("Spline!A"&A13),"") -> 0.2 | C13: =IF(A13<=$W$1,INDIRECT("Spline!B"&A13),"") -> 1 | D13: =B13-B12>0 -> TRUE | E13: =C13-C12>=0 -> TRUE | F13: =B14-B13 -> #VALUE! | G13: =C14-C13 -> #VALUE! | H13: =G13/F13 -> #VALUE! | I13: =F13 -> #VALUE! | J13: =I13+I14 -> #VALUE! | K13: =(I13+J13)/(3*J13) -> #VALUE! | L13: =(I14+J13)/(3*J13) -> #VALUE! | M13: =MIN(ABS(H13),ABS(H14)) -> #VALUE! | N13: =MAX(ABS(H13),ABS(H14)) -> #VALUE! | O13: =IF(A13=$W$1,((2*I12+I11)*H12 - I12*H11)/(I12+I11),M12/(K12*H12/N12+L12*H13/N12)) -> 8.5 | P13: =IF(A13=$W$1,IF(SIGN(O13)<>SIGN(H12),0,IF(AND(SIGN(H11)<>SIGN(H12),ABS(O13)>ABS(3*H12)),3*H12,O13)),O13) -> 8.5 | Q13: =P13*F13 -> #VALUE! | R13: =G13-Q13-S13 -> #VALUE! | S13: =F13*P14+Q13-2*G13 -> #VALUE!
A14: 14 | B14: =IF(A14<=$W$1,INDIRECT("Spline!A"&A14),"") | C14: =IF(A14<=$W$1,INDIRECT("Spline!B"&A14),"") | D14: =B14-B13>0 -> #VALUE! | E14: =C14-C13>=0 -> #VALUE! | F14: =B15-B14 -> #VALUE! | G14: =C15-C14 -> #VALUE! | H14: =G14/F14 -> #VALUE! | I14: =F14 -> #VALUE! | J14: =I14+I15 -> #VALUE! | K14: =(I14+J14)/(3*J14) -> #VALUE! | L14: =(I15+J14)/(3*J14) -> #VALUE! | M14: =MIN(ABS(H14),ABS(H15)) -> #VALUE! | N14: =MAX(ABS(H14),ABS(H15)) -> #VALUE! | O14: =IF(A14=$W$1,((2*I13+I12)*H13 - I13*H12)/(I13+I12),M13/(K13*H13/N13+L13*H14/N13)) -> #VALUE! | P14: =IF(A14=$W$1,IF(SIGN(O14)<>SIGN(H13),0,IF(AND(SIGN(H12)<>SIGN(H13),ABS(O14)>ABS(3*H13)),3*H13,O14)),O14) -> #VALUE! | Q14: =P14*F14 -> #VALUE! | R14: =G14-Q14-S14 -> #VALUE! | S14: =F14*P15+Q14-2*G14 -> #VALUE!
... A100: 100 | B100: =IF(A100<=$W$1,INDIRECT("Spline!A"&A100),"") | C100: =IF(A100<=$W$1,INDIRECT("Spline!B"&A100),"") | D100: =B100-B99>0 -> #VALUE! | E100: =C100-C99>=0 -> #VALUE! | F100: =B101-B100 -> #VALUE! | G100: =C101-C100 -> #VALUE! | H100: =G100/F100 -> #VALUE! | I100: =F100 -> #VALUE! | J100: =I100+I101 -> #VALUE! | K100: =(I100+J100)/(3*J100) -> #VALUE! | L100: =(I101+J100)/(3*J100) -> #VALUE! | M100: =MIN(ABS(H100),ABS(H101)) -> #VALUE! | N100: =MAX(ABS(H100),ABS(H101)) -> #VALUE! | O100: =IF(A100=$W$1,((2*I99+I98)*H99 - I99*H98)/(I99+I98),M99/(K99*H99/N99+L99*H100/N99)) -> #VALUE! | P100: =IF(A100=$W$1,IF(SIGN(O100)<>SIGN(H99),0,IF(AND(SIGN(H98)<>SIGN(H99),ABS(O100)>ABS(3*H99)),3*H99,O100)),O100) -> #VALUE! | Q100: =P100*F100 -> #VALUE! | R100: =G100-Q100-S100 -> #VALUE! | S100: =F100*P101+Q100-2*G100 -> #VALUE!

Sheet CurveData
A1: index | B1: x | C1: index | D1: x start | E1: x end | F1: x normalized | G1: a0 | H1: a1 | I1: a2 | J1: a3 | K1: y | L1: pdf | O1: num_seg= | P1: 200
A2: 0 | B2: =Computations!$B$2+A2*$P$2/$P$1 -> 0.015 | C2: =LOOKUP(B2,Computations!$B$2:$B$100,Computations!$A$2:A$100) -> 2 | D2: =INDIRECT("Computations!B"&C2) -> 0.015 | E2: =INDIRECT("Computations!B"&(C2+1)) -> 0.03 | F2: =(B2-D2)/(E2-D2) -> 0 | G2: =INDIRECT("Computations!C"&C2) -> 0 | H2: =INDIRECT("Computations!Q"&C2) -> 0.04 | I2: =INDIRECT("Computations!R"&C2) -> 0.011666667 | J2: =INDIRECT("Computations!S"&C2) -> -0.0016666667 | K2: =G2+H2*F2+I2*F2*F2+J2*F2*F2*F2 -> 0 | L2: 0 | O2: delta_x= | P2: =INDIRECT("Computations!B"&Computations!W1)-Computations!B2 -> 0.185
A3: 1 | B3: =Computations!$B$2+A3*$P$2/$P$1 -> 0.015925 | C3: =LOOKUP(B3,Computations!$B$2:$B$100,Computations!$A$2:A$100) -> 2 | D3: =INDIRECT("Computations!B"&C3) -> 0.015 | E3: =INDIRECT("Computations!B"&(C3+1)) -> 0.03 | F3: =(B3-D3)/(E3-D3) -> 0.061666667 | G3: =INDIRECT("Computations!C"&C3) -> 0 | H3: =INDIRECT("Computations!Q"&C3) -> 0.04 | I3: =INDIRECT("Computations!R"&C3) -> 0.011666667 | J3: =INDIRECT("Computations!S"&C3) -> -0.0016666667 | K3: =G3+H3*F3+I3*F3*F3+J3*F3*F3*F3 -> 0.0025106416 | L3: =(K4-K2)/(B4-B2) -> 2.7609025
A4: 2 | B4: =Computations!$B$2+A4*$P$2/$P$1 -> 0.01685 | C4: =LOOKUP(B4,Computations!$B$2:$B$100,Computations!$A$2:A$100) -> 2 | D4: =INDIRECT("Computations!B"&C4) -> 0.015 | E4: =INDIRECT("Computations!B"&(C4+1)) -> 0.03 | F4: =(B4-D4)/(E4-D4) -> 0.12333333 | G4: =INDIRECT("Computations!C"&C4) -> 0 | H4: =INDIRECT("Computations!Q"&C4) -> 0.04 | I4: =INDIRECT("Computations!R"&C4) -> 0.011666667 | J4: =INDIRECT("Computations!S"&C4) -> -0.0016666667 | K4: =G4+H4*F4+I4*F4*F4+J4*F4*F4*F4 -> 0.0051076696 | L4: =(K5-K3)/(B5-B3) -> 2.8530256
A5: 3 | B5: =Computations!$B$2+A5*$P$2/$P$1 -> 0.017775 | C5: =LOOKUP(B5,Computations!$B$2:$B$100,Computations!$A$2:A$100) -> 2 | D5: =INDIRECT("Computations!B"&C5) -> 0.015 | E5: =INDIRECT("Computations!B"&(C5+1)) -> 0.03 | F5: =(B5-D5)/(E5-D5) -> 0.185 | G5: =INDIRECT("Computations!C"&C5) -> 0 | H5: =INDIRECT("Computations!Q"&C5) -> 0.04 | I5: =INDIRECT("Computations!R"&C5) -> 0.011666667 | J5: =INDIRECT("Computations!S"&C5) -> -0.0016666667 | K5: =G5+H5*F5+I5*F5*F5+J5*F5*F5*F5 -> 0.007788739 | L5: =(K6-K4)/(B6-B4) -> 2.9426136
A6: 4 | B6: =Computations!$B$2+A6*$P$2/$P$1 -> 0.0187 | C6: =LOOKUP(B6,Computations!$B$2:$B$100,Computations!$A$2:A$100) -> 2 | D6: =INDIRECT("Computations!B"&C6) -> 0.015 | E6: =INDIRECT("Computations!B"&(C6+1)) -> 0.03 | F6: =(B6-D6)/(E6-D6) -> 0.24666667 | G6: =INDIRECT("Computations!C"&C6) -> 0 | H6: =INDIRECT("Computations!Q"&C6) -> 0.04 | I6: =INDIRECT("Computations!R"&C6) -> 0.011666667 | J6: =INDIRECT("Computations!S"&C6) -> -0.0016666667 | K6: =G6+H6*F6+I6*F6*F6+J6*F6*F6*F6 -> 0.010551505 | L6: =(K7-K5)/(B7-B5) -> 3.0296664
A7: 5 | B7: =Computations!$B$2+A7*$P$2/$P$1 -> 0.019625 | C7: =LOOKUP(B7,Computations!$B$2:$B$100,Computations!$A$2:A$100) -> 2 | D7: =INDIRECT("Computations!B"&C7) -> 0.015 | E7: =INDIRECT("Computations!B"&(C7+1)) -> 0.03 | F7: =(B7-D7)/(E7-D7) -> 0.30833333 | G7: =INDIRECT("Computations!C"&C7) -> 0 | H7: =INDIRECT("Computations!Q"&C7) -> 0.04 | I7: =INDIRECT("Computations!R"&C7) -> 0.011666667 | J7: =INDIRECT("Computations!S"&C7) -> -0.0016666667 | K7: =G7+H7*F7+I7*F7*F7+J7*F7*F7*F7 -> 0.013393622 | L7: =(K8-K6)/(B8-B6) -> 3.114184
A8: 6 | B8: =Computations!$B$2+A8*$P$2/$P$1 -> 0.02055 | C8: =LOOKUP(B8,Computations!$B$2:$B$100,Computations!$A$2:A$100) -> 2 | D8: =INDIRECT("Computations!B"&C8) -> 0.015 | E8: =INDIRECT("Computations!B"&(C8+1)) -> 0.03 | F8: =(B8-D8)/(E8-D8) -> 0.37 | G8: =INDIRECT("Computations!C"&C8) -> 0 | H8: =INDIRECT("Computations!Q"&C8) -> 0.04 | I8: =INDIRECT("Computations!R"&C8) -> 0.011666667 | J8: =INDIRECT("Computations!S"&C8) -> -0.0016666667 | K8: =G8+H8*F8+I8*F8*F8+J8*F8*F8*F8 -> 0.016312745 | L8: =(K9-K7)/(B9-B7) -> 3.1961664
A9: 7 | B9: =Computations!$B$2+A9*$P$2/$P$1 -> 0.021475 | C9: =LOOKUP(B9,Computations!$B$2:$B$100,Computations!$A$2:A$100) -> 2 | D9: =INDIRECT("Computations!B"&C9) -> 0.015 | E9: =INDIRECT("Computations!B"&(C9+1)) -> 0.03 | F9: =(B9-D9)/(E9-D9) -> 0.43166667 | G9: =INDIRECT("Computations!C"&C9) -> 0 | H9: =INDIRECT("Computations!Q"&C9) -> 0.04 | I9: =INDIRECT("Computations!R"&C9) -> 0.011666667 | J9: =INDIRECT("Computations!S"&C9) -> -0.0016666667 | K9: =G9+H9*F9+I9*F9*F9+J9*F9*F9*F9 -> 0.019306529 | L9: =(K10-K8)/(B10-B8) -> 3.2756136
A10: 8 | B10: =Computations!$B$2+A10*$P$2/$P$1 -> 0.0224 | C10: =LOOKUP(B10,Computations!$B$2:$B$100,Computations!$A$2:A$100) -> 2 | D10: =INDIRECT("Computations!B"&C10) -> 0.015 | E10: =INDIRECT("Computations!B"&(C10+1)) -> 0.03 | F10: =(B10-D10)/(E10-D10) -> 0.49333333 | G10: =INDIRECT("Computations!C"&C10) -> 0 | H10: =INDIRECT("Computations!Q"&C10) -> 0.04 | I10: =INDIRECT("Computations!R"&C10) -> 0.011666667 | J10: =INDIRECT("Computations!S"&C10) -> -0.0016666667 | K10: =G10+H10*F10+I10*F10*F10+J10*F10*F10*F10 -> 0.02237263 | L10: =(K11-K9)/(B11-B9) -> 3.3525256
A11: 9 | B11: =Computations!$B$2+A11*$P$2/$P$1 -> 0.023325 | C11: =LOOKUP(B11,Computations!$B$2:$B$100,Computations!$A$2:A$100) -> 2 | D11: =INDIRECT("Computations!B"&C11) -> 0.015 | E11: =INDIRECT("Computations!B"&(C11+1)) -> 0.03 | F11: =(B11-D11)/(E11-D11) -> 0.555 | G11: =INDIRECT("Computations!C"&C11) -> 0 | H11: =INDIRECT("Computations!Q"&C11) -> 0.04 | I11: =INDIRECT("Computations!R"&C11) -> 0.011666667 | J11: =INDIRECT("Computations!S"&C11) -> -0.0016666667 | K11: =G11+H11*F11+I11*F11*F11+J11*F11*F11*F11 -> 0.025508702 | L11: =(K12-K10)/(B12-B10) -> 3.4269025
A12: 10 | B12: =Computations!$B$2+A12*$P$2/$P$1 -> 0.02425 | C12: =LOOKUP(B12,Computations!$B$2:$B$100,Computations!$A$2:A$100) -> 2 | D12: =INDIRECT("Computations!B"&C12) -> 0.015 | E12: =INDIRECT("Computations!B"&(C12+1)) -> 0.03 | F12: =(B12-D12)/(E12-D12) -> 0.61666667 | G12: =INDIRECT("Computations!C"&C12) -> 0 | H12: =INDIRECT("Computations!Q"&C12) -> 0.04 | I12: =INDIRECT("Computations!R"&C12) -> 0.011666667 | J12: =INDIRECT("Computations!S"&C12) -> -0.0016666667 | K12: =G12+H12*F12+I12*F12*F12+J12*F12*F12*F12 -> 0.0287124 | L12: =(K13-K11)/(B13-B11) -> 3.4987441
A13: 11 | B13: =Computations!$B$2+A13*$P$2/$P$1 -> 0.025175 | C13: =LOOKUP(B13,Computations!$B$2:$B$100,Computations!$A$2:A$100) -> 2 | D13: =INDIRECT("Computations!B"&C13) -> 0.015 | E13: =INDIRECT("Computations!B"&(C13+1)) -> 0.03 | F13: =(B13-D13)/(E13-D13) -> 0.67833333 | G13: =INDIRECT("Computations!C"&C13) -> 0 | H13: =INDIRECT("Computations!Q"&C13) -> 0.04 | I13: =INDIRECT("Computations!R"&C13) -> 0.011666667 | J13: =INDIRECT("Computations!S"&C13) -> -0.0016666667 | K13: =G13+H13*F13+I13*F13*F13+J13*F13*F13*F13 -> 0.031981379 | L13: =(K14-K12)/(B14-B12) -> 3.5680506
A14: 12 | B14: =Computations!$B$2+A14*$P$2/$P$1 -> 0.0261 | C14: =LOOKUP(B14,Computations!$B$2:$B$100,Computations!$A$2:A$100) -> 2 | D14: =INDIRECT("Computations!B"&C14) -> 0.015 | E14: =INDIRECT("Computations!B"&(C14+1)) -> 0.03 | F14: =(B14-D14)/(E14-D14) -> 0.74 | G14: =INDIRECT("Computations!C"&C14) -> 0 | H14: =INDIRECT("Computations!Q"&C14) -> 0.04 | I14: =INDIRECT("Computations!R"&C14) -> 0.011666667 | J14: =INDIRECT("Computations!S"&C14) -> -0.0016666667 | K14: =G14+H14*F14+I14*F14*F14+J14*F14*F14*F14 -> 0.035313293 | L14: =(K15-K13)/(B15-B13) -> 3.6348219
... A201: 199 | B201: =Computations!$B$2+A201*$P$2/$P$1 -> 0.199075 | C201: =LOOKUP(B201,Computations!$B$2:$B$100,Computations!$A$2:A$100) -> 12 | D201: =INDIRECT("Computations!B"&C201) -> 0.18 | E201: =INDIRECT("Computations!B"&(C201+1)) -> 0.2 | F201: =(B201-D201)/(E201-D201) -> 0.95375 | G201: =INDIRECT("Computations!C"&C201) -> 0.85 | H201: =INDIRECT("Computations!Q"&C201) -> 0.12162162 | I201: =INDIRECT("Computations!R"&C201) -> 0.036756757 | J201: =INDIRECT("Computations!S"&C201) -> -0.0083783784 | K201: =G201+H201*F201+I201*F201*F201+J201*F201*F201*F201 -> 0.99216319 | L201: =(K202-K200)/(B202-B200) -> 8.4426656
A202: 200 | B202: =Computations!$B$2+A202*$P$2/$P$1 -> 0.2 | C202: =n -> 12 | D202: =INDIRECT("Computations!B"&C202) -> 0.18 | E202: =INDIRECT("Computations!B"&(C202+1)) -> 0.2 | F202: =(B202-D202)/(E202-D202) -> 1 | G202: =INDIRECT("Computations!C"&C202) -> 0.85 | H202: =INDIRECT("Computations!Q"&C202) -> 0.12162162 | I202: =INDIRECT("Computations!R"&C202) -> 0.036756757 | J202: =INDIRECT("Computations!S"&C202) -> -0.0083783784 | K202: =G202+H202*F202+I202*F202*F202+J202*F202*F202*F202 -> 1 | L202: 0
